Model,Accuracy,Macro F1,Weighted F1,Negative F1,Neutral F1,Positive F1
LSTM,0.7716643741403026,0.7544640752087884,0.7751056876385322,0.7545454545454545,0.8203221809169765,0.6885245901639344
MLP,0.7359009628610729,0.6994712872554563,0.7384965296011378,0.6696428571428571,0.8091236494597839,0.6196473551637279
RNN,0.734525447042641,0.7080311831102319,0.7380419208233161,0.6926829268292682,0.7961165048543689,0.6352941176470588
GRU,0.7386519944979367,0.7068477913735149,0.7430671068603437,0.672645739910314,0.8053855569155447,0.642512077294686
BERT,0.8198074277854195,0.803511632589915,0.8219427906237988,0.7980295566502463,0.8595641646489104,0.7529411764705882
GPT,0.8198074277854195,0.7985886703685271,0.8198544172622684,0.7885714285714286,0.8614318706697459,0.7457627118644068
